timestamp,CAN ID,DLC,DATA[0],DATA[1],DATA[2],DATA[3],DATA[4],DATA[5],DATA[6],DATA[7],Flag
1478198377.034773,0140,8,00,00,00,00,02,29,2b,22,R
1478198377.035005,0350,8,05,20,14,68,77,00,00,2e,R
1478198377.036016,043f,8,00,40,60,ff,7e,cb,08,00,R
1478198377.036256,0370,8,00,20,00,00,00,00,00,00,R
1478198377.036504,0440,8,ff,00,00,00,ff,cb,08,00,R
1478198377.038927,0316,8,05,22,64,09,22,21,00,6f,R
1478198377.039135,018f,8,fe,5b,00,00,00,3c,00,00,R
1478198377.039365,0260,8,19,22,22,30,08,8e,6e,05,R
1478198377.039614,02a0,8,04,00,9a,1d,97,02,bd,00,R
1478198377.039851,0329,8,40,bb,7f,14,11,20,00,14,R
1478198377.040087,0545,8,d8,00,00,8a,00,00,00,00,R
1478198377.040328,04f0,8,00,00,00,80,00,69,d1,13,R
1478198377.041250,0690,8,00,00,01,00,a0,22,00,00,R
1478198377.043295,0430,8,00,00,00,00,00,00,00,00,R
1478198377.043500,04b1,8,29,27,27,23,00,00,00,9a,R
1478198377.043747,01f1,8,08,00,00,00,00,00,00,00,R
1478198377.043983,0153,8,00,21,10,ff,00,ff,00,00,R
1478198377.044233,0002,8,00,00,00,00,00,00,0c,96,R
1478198377.044483,02c0,8,14,00,00,00,00,00,00,00,R
1478198377.044947,0350,8,05,20,24,68,77,00,00,1e,R
1478198377.045325,0130,8,09,80,00,ff,2d,80,0c,63,R
1478198377.045544,0131,8,00,80,00,00,27,7f,0c,04,R
1478198377.045786,0140,8,00,00,00,00,04,25,2c,03,R
1478198377.046028,043f,8,00,40,60,ff,7e,cd,08,00,R
1478198377.046276,0370,8,00,20,00,00,00,00,00,00,R
1478198377.046515,0440,8,ff,00,00,00,ff,cd,08,00,R
1478198377.049053,0316,8,05,22,64,09,22,21,00,6f,R
1478198377.049272,018f,8,fe,5b,00,00,00,3c,00,00,R
1478198377.049502,0260,8,19,22,22,30,08,8e,6e,16,R
1478198377.049735,02a0,8,24,00,9a,1d,97,02,bd,00,R
1478198377.049974,0329,8,40,bb,7f,14,11,20,00,14,R
1478198377.050215,0545,8,d8,00,00,8a,00,00,00,00,R
1478198377.053328,0002,8,00,00,00,00,00,00,0d,8b,R
1478198377.053532,0153,8,00,21,10,ff,00,ff,00,00,R
1478198377.053777,02c0,8,14,00,00,00,00,00,00,00,R
1478198377.054301,0130,8,0d,80,00,ff,2d,80,0d,17,R
1478198377.054534,0131,8,0e,80,00,00,2e,7f,0d,9b,R
1478198377.054773,0140,8,00,00,00,00,06,26,2d,c9,R
1478198377.055009,0350,8,05,20,34,68,77,00,00,0e,R
1478198377.056054,043f,8,00,40,60,ff,7e,d0,08,00,R
1478198377.056297,0370,8,00,20,00,00,00,00,00,00,R
1478198377.056539,0440,8,ff,00,00,00,ff,d0,08,00,R
1478198377.058967,0316,8,05,22,64,09,22,21,00,6f,R
1478198377.059162,018f,8,fe,5b,00,00,00,3c,00,00,R
1478198377.059389,0260,8,19,22,22,30,08,8e,6e,27,R
1478198377.059621,02a0,8,44,00,9a,1d,97,02,bd,00,R
1478198377.059858,0329,8,40,bb,7f,14,11,20,00,14,R
1478198377.060103,0545,8,d8,00,00,89,00,00,00,00,R
1478198377.060346,04f0,8,00,00,00,80,00,69,d1,13,R
1478198377.060486,05f0,2,01,00,R
1478198377.063334,0430,8,00,00,00,00,00,00,00,00,R
1478198377.063524,04b1,8,29,27,27,23,00,00,00,9a,R
1478198377.063771,01f1,8,08,00,00,00,00,00,00,00,R
1478198377.064011,0153,8,00,21,10,ff,00,ff,00,00,R
1478198377.064259,0002,8,00,00,00,00,00,00,0e,ac,R
1478198377.064507,02c0,8,14,00,00,00,00,00,00,00,R
1478198377.064996,0350,8,05,20,44,68,77,00,00,7e,R
1478198377.065295,0130,8,0f,80,00,ff,0e,80,0e,36,R
1478198377.065533,0131,8,09,80,00,00,36,7f,0e,26,R
1478198377.065777,0140,8,00,00,00,00,08,29,2e,44,R
1478198377.066026,0370,8,00,20,00,00,00,00,00,00,R
1478198377.066269,043f,8,00,40,60,ff,7e,cd,08,00,R
1478198377.066510,0440,8,ff,00,00,00,ff,cd,08,00,R
1478198377.068936,0316,8,05,22,64,09,22,21,00,6f,R
1478198377.069151,018f,8,fe,5b,00,00,00,3c,00,00,R
1478198377.069369,0260,8,19,22,22,30,08,8e,6e,38,R
1478198377.069601,02a0,8,64,00,9a,1d,97,02,bd,00,R
1478198377.069840,0329,8,40,bb,7f,14,11,20,00,14,R
1478198377.070086,0545,8,d8,00,00,89,00,00,00,00,R
1478198377.073282,0002,8,00,00,00,00,00,00,0f,b1,R
1478198377.073522,0153,8,00,21,10,ff,00,ff,00,00,R
1478198377.073770,02c0,8,14,00,00,00,00,00,00,00,R
1478198377.074303,0130,8,13,80,00,ff,fe,7f,0f,e0,R
1478198377.074537,0131,8,12,80,00,00,3a,7f,0f,bd,R
1478198377.074777,0140,8,00,00,00,00,0a,20,2f,4c,R
1478198377.075013,0350,8,05,20,54,68,77,00,00,6e,R
1478198377.075990,043f,8,00,40,60,ff,7e,cc,08,00,R
1478198377.076238,0370,8,00,20,00,00,00,00,00,00,R
1478198377.076486,0440,8,ff,00,00,00,ff,cc,08,00,R
1478198377.078902,0316,8,05,22,70,09,22,21,00,6f,R
1478198377.079125,018f,8,fe,5b,00,00,00,3c,00,00,R
1478198377.079351,0260,8,19,22,22,30,08,8e,6e,05,R
1478198377.079584,02a0,8,04,00,9a,1d,97,02,bd,00,R
1478198377.079813,0329,8,86,bb,7f,14,11,20,00,14,R
1478198377.080050,0545,8,d8,59,00,8a,00,00,00,00,R
1478198377.080292,04f0,8,00,00,00,80,00,69,d1,13,R
1478198377.083331,0430,8,00,00,00,00,00,00,00,00,R
1478198377.083522,04b1,8,29,27,27,23,00,00,00,9a,R
1478198377.083769,01f1,8,08,00,00,00,00,00,00,00,R
1478198377.084005,0153,8,00,21,10,ff,00,ff,00,00,R
1478198377.084257,0002,8,00,00,00,00,00,00,00,0a,R
1478198377.084505,02c0,8,14,00,00,00,00,00,00,00,R
1478198377.084953,0350,8,05,20,64,68,77,00,00,5e,R
1478198377.085317,0130,8,1e,80,00,ff,16,80,00,60,R
1478198377.085552,0131,8,25,80,00,00,3e,7f,00,58,R
1478198377.085799,0140,8,00,00,00,00,0c,2f,20,51,R
1478198377.086044,0370,8,00,20,00,00,00,00,00,00,R
1478198377.086288,043f,8,00,40,60,ff,7e,cc,08,00,R
1478198377.086533,0440,8,ff,00,00,00,ff,cc,08,00,R
1478198377.089012,0316,8,05,21,70,09,21,21,00,6f,R
1478198377.089228,018f,8,fe,5b,00,00,00,3c,00,00,R
1478198377.089453,0260,8,19,21,21,30,08,8e,6c,1a,R
1478198377.089687,02a0,8,24,00,9a,1d,97,02,bd,00,R
1478198377.089921,0329,8,86,bb,7f,14,11,20,00,14,R
1478198377.090161,0545,8,d8,00,00,8a,00,00,00,00,R
1478198377.093305,0002,8,00,00,00,00,00,00,01,17,R
1478198377.093519,0153,8,00,21,10,ff,00,ff,00,00,R
1478198377.093769,02c0,8,14,00,00,00,00,00,00,00,R
1478198377.094314,0130,8,22,80,00,ff,3b,80,01,a5,R
1478198377.094542,0131,8,17,80,00,00,37,7f,01,aa,R
1478198377.094777,0140,8,00,00,00,00,0e,23,21,38,R
1478198377.095012,0350,8,05,20,74,68,77,00,00,4e,R
1478198377.096002,043f,8,00,40,60,ff,7e,cd,08,00,R
1478198377.096227,0370,8,00,20,00,00,00,00,00,00,R
1478198377.096467,0440,8,ff,00,00,00,ff,cd,08,00,R
1478198377.098911,0316,8,05,21,70,09,21,21,00,6f,R
1478198377.099126,018f,8,fe,5b,00,00,00,3c,00,00,R
1478198377.099352,0260,8,19,21,21,30,08,8e,6c,2b,R
1478198377.099586,02a0,8,44,00,9a,1d,97,02,bd,00,R
1478198377.099819,0329,8,86,bb,7f,14,11,20,00,14,R
1478198377.100062,0545,8,d8,00,00,89,00,00,00,00,R
1478198377.100304,04f0,8,00,00,00,80,00,69,d1,13,R
1478198377.103298,0430,8,00,00,00,00,00,00,00,00,R
1478198377.103503,04b1,8,29,27,27,23,00,00,00,9a,R
1478198377.103749,01f1,8,08,00,00,00,00,00,00,00,R
1478198377.103986,0153,8,00,21,10,ff,00,ff,00,00,R
1478198377.104238,0002,8,00,00,00,00,00,00,02,30,R
1478198377.104486,02c0,8,14,00,00,00,00,00,00,00,R
1478198377.104919,0350,8,05,20,84,68,77,00,00,be,R
1478198377.105297,0130,8,21,80,00,ff,43,80,02,21,R
1478198377.105535,0131,8,fb,7f,00,00,23,7f,02,31,R
1478198377.105780,0140,8,00,00,00,00,10,0b,22,21,R
1478198377.106031,0370,8,00,20,00,00,00,00,00,00,R
1478198377.106273,043f,8,00,40,60,ff,7e,ce,08,00,R
1478198377.106522,0440,8,ff,00,00,00,ff,ce,08,00,R
1478198377.108864,0316,8,05,21,70,09,21,21,00,6f,R
1478198377.109108,018f,8,fe,5b,00,00,00,3c,00,00,R
1478198377.109328,0260,8,19,21,21,30,08,8e,6b,3d,R
1478198377.109560,02a0,8,64,00,9a,1d,97,02,bd,00,R
1478198377.109793,0329,8,86,bb,7f,14,11,20,00,14,R
1478198377.110038,0545,8,d8,00,00,88,00,00,00,00,R
1478198377.110175,05f0,2,01,00,R
1478198377.113292,0002,8,00,00,00,00,00,00,03,2d,R
1478198377.113523,0153,8,00,21,10,ff,00,ff,00,00,R
1478198377.113769,02c0,8,14,00,00,00,00,00,00,00,R
1478198377.114301,0130,8,1f,80,00,ff,27,80,03,bd,R
1478198377.114539,0131,8,f2,7f,00,00,10,7f,03,07,R
1478198377.114782,0140,8,00,00,00,00,12,25,23,a5,R
1478198377.115019,0350,8,05,20,94,68,77,00,00,ae,R
1478198377.115593,00a0,8,5c,84,70,09,00,1f,02,00,R
1478198377.115835,00a1,8,80,89,00,00,24,00,00,00,R
1478198377.116085,0370,8,00,20,00,00,00,00,00,00,R
1478198377.116328,043f,8,00,40,60,ff,7e,d0,08,00,R
1478198377.116572,0440,8,ff,00,00,00,ff,d0,08,00,R
1478198377.118883,0316,8,05,21,70,09,21,21,00,6f,R
1478198377.119085,018f,8,fe,5b,00,00,00,3c,00,00,R
1478198377.119309,0260,8,19,21,21,30,08,8e,6b,0a,R
1478198377.119546,02a0,8,04,00,9a,1d,97,02,bd,00,R
1478198377.119779,0329,8,86,bb,7f,14,11,20,00,14,R
1478198377.120022,0545,8,d8,00,00,89,00,00,00,00,R
1478198377.120533,04f0,8,00,00,00,80,00,69,d1,13,R
1478198377.123318,0430,8,00,00,00,00,00,00,00,00,R
1478198377.123512,04b1,8,29,27,27,23,00,00,00,9a,R
1478198377.123760,01f1,8,08,00,00,00,00,00,00,00,R
1478198377.123994,0153,8,00,21,10,ff,00,ff,00,00,R
1478198377.124240,0002,8,00,00,00,00,00,00,04,7e,R
1478198377.124492,02c0,8,14,00,00,00,00,00,00,00,R
1478198377.124906,0350,8,05,20,a4,68,77,00,00,9e,R
1478198377.125296,0130,8,17,80,00,ff,0b,80,04,06,R
1478198377.125534,0131,8,e5,7f,00,00,0c,7f,04,71,R
1478198377.125777,0140,8,00,00,00,00,14,20,24,92,R
1478198377.126026,0370,8,00,20,00,00,00,00,00,00,R
1478198377.126270,043f,8,00,40,60,ff,7e,cf,08,00,R
1478198377.126512,0440,8,ff,00,00,00,ff,cf,08,00,R
1478198377.128990,0316,8,05,21,70,09,21,21,00,6f,R
1478198377.129220,018f,8,fe,5b,00,00,00,3c,00,00,R
1478198377.129441,0260,8,19,21,21,30,08,8e,6b,1b,R
1478198377.129675,02a0,8,24,00,9a,1d,97,02,bd,00,R
1478198377.129906,0329,8,86,bb,7f,14,11,20,00,14,R
1478198377.130144,0545,8,d8,59,00,8a,00,00,00,00,R
1478198377.133254,0002,8,00,00,00,00,00,00,05,63,R
1478198377.133486,0153,8,00,21,10,ff,00,ff,00,00,R
1478198377.133734,02c0,8,14,00,00,00,00,00,00,00,R
1478198377.134289,0130,8,12,80,00,ff,1b,80,05,37,R
1478198377.134524,0131,8,e9,7f,00,00,20,7f,05,ed,R
1478198377.134772,0140,8,00,00,00,00,16,20,25,8c,R
1478198377.135002,0350,8,05,20,b4,68,77,00,00,8e,R
1478198377.135975,043f,8,00,40,60,ff,7e,ce,08,00,R
1478198377.136223,0370,8,00,20,00,00,00,00,00,00,R
1478198377.136470,0440,8,ff,00,00,00,ff,ce,08,00,R
1478198377.138835,0316,8,05,21,70,09,21,21,00,6f,R
1478198377.139073,018f,8,fe,5b,00,00,00,3c,00,00,R
1478198377.139300,0260,8,19,21,21,30,08,8e,6b,2c,R
1478198377.139532,02a0,8,44,00,9a,1d,97,02,bd,00,R
1478198377.139766,0329,8,86,bb,7f,14,11,20,00,14,R
1478198377.140013,0545,8,d8,00,00,88,00,00,00,00,R
1478198377.140337,04f0,8,00,00,00,80,00,69,d1,13,R
1478198377.141488,0690,8,00,00,01,00,a0,22,00,00,R
1478198377.143259,0430,8,00,00,00,00,00,00,00,00,R
1478198377.143487,04b1,8,29,27,27,23,00,00,00,9a,R
1478198377.143734,01f1,8,08,00,00,00,00,00,00,00,R
1478198377.143972,0153,8,00,21,10,ff,00,ff,00,00,R
1478198377.144222,0002,8,00,00,00,00,00,00,06,44,R
1478198377.144471,02c0,8,14,00,00,00,00,00,00,00,R
1478198377.144899,0350,8,05,20,c4,68,77,00,00,fe,R
1478198377.145302,0130,8,16,80,00,ff,40,80,06,81,R
1478198377.145542,0131,8,0e,80,00,00,38,7f,06,49,R
1478198377.145796,0140,8,00,00,00,00,18,00,26,d7,R
1478198377.146045,0370,8,00,20,00,00,00,00,00,00,R
1478198377.146282,043f,8,00,40,60,ff,7e,d0,08,00,R
1478198377.146526,0440,8,ff,00,00,00,ff,d0,08,00,R
1478198377.148829,0316,8,05,21,70,09,21,21,00,6f,R
1478198377.149068,018f,8,fe,5b,00,00,00,3c,00,00,R
1478198377.149296,0260,8,19,21,21,30,08,8e,6b,3d,R
1478198377.149528,02a0,8,64,00,9a,1d,97,02,bd,00,R
1478198377.149763,0329,8,86,bb,7f,14,11,20,00,14,R
1478198377.150007,0545,8,d8,00,00,89,00,00,00,00,R
1478198377.153301,0002,8,00,00,00,00,00,01,07,15,R
1478198377.153501,0153,8,00,21,10,ff,00,ff,00,00,R
1478198377.153747,02c0,8,14,00,00,00,00,00,00,00,R
1478198377.154317,0130,8,1a,80,00,ff,40,80,07,27,R
1478198377.154545,0131,8,12,80,00,00,3f,7f,07,dc,R
1478198377.154786,0140,8,00,00,00,00,02,20,27,a8,R
1478198377.155033,0350,8,05,20,d4,68,77,00,00,ee,R
1478198377.156004,043f,8,00,40,60,ff,7e,d1,08,00,R
1478198377.156241,0370,8,00,20,00,00,00,00,00,00,R
1478198377.156477,0440,8,ff,00,00,00,ff,d1,08,00,R
1478198377.158939,0316,8,05,21,70,09,21,21,00,6f,R
1478198377.159152,018f,8,fe,5b,00,00,00,3c,00,00,R
1478198377.159383,0260,8,19,21,21,30,08,8e,6b,0a,R
1478198377.159613,02a0,8,04,00,9a,1d,97,02,bd,00,R
1478198377.159842,0329,8,dc,bb,7f,14,11,20,00,14,R
1478198377.160092,0545,8,d8,00,00,89,00,00,00,00,R
1478198377.160333,04f0,8,00,00,00,80,00,69,d1,13,R
1478198377.160464,05f0,2,01,00,R
1478198377.163294,0430,8,00,00,00,00,00,00,00,00,R
1478198377.163516,02c0,8,14,00,00,00,00,00,00,00,R
1478198377.163742,04b1,8,29,27,27,23,00,00,00,9a,R
1478198377.163987,01f1,8,08,00,00,00,00,00,00,00,R
1478198377.164223,0153,8,00,21,10,ff,00,ff,00,00,R
1478198377.164471,0002,8,00,00,00,00,00,01,08,ae,R
1478198377.164947,0350,8,05,20,e4,68,77,00,00,de,R
1478198377.165299,0130,8,19,80,00,ff,19,80,08,80,R
1478198377.165533,0131,8,fb,7f,00,00,45,7f,08,b6,R
1478198377.165775,0140,8,00,00,00,00,04,22,28,8e,R
1478198377.166026,0370,8,00,20,00,00,00,00,00,00,R
1478198377.166269,043f,8,00,40,60,ff,7e,ce,08,00,R
1478198377.166516,0440,8,ff,00,00,00,ff,ce,08,00,R
1478198377.168949,0316,8,05,21,70,09,21,21,00,6f,R
1478198377.169167,018f,8,fe,5b,00,00,00,3c,00,00,R
1478198377.169393,0260,8,19,21,21,30,08,8e,6b,1b,R
1478198377.169628,02a0,8,24,00,9a,1d,97,02,bd,00,R
1478198377.169861,0329,8,dc,bb,7f,14,11,20,00,14,R
1478198377.170105,0545,8,d8,00,00,89,00,00,00,00,R
1478198377.173282,0002,8,00,00,00,00,00,01,09,b3,R
1478198377.173516,0153,8,00,21,10,ff,00,ff,00,00,R
1478198377.173763,02c0,8,14,00,00,00,00,00,00,00,R
1478198377.174311,0130,8,18,80,00,ff,06,80,09,5e,R
1478198377.174545,0131,8,fb,7f,00,00,4a,7f,09,2d,R
1478198377.174791,0140,8,00,00,00,00,06,26,29,bd,R
1478198377.175025,0350,8,05,20,f4,68,77,00,00,ce,R
1478198377.176003,043f,8,00,40,60,ff,7e,cc,08,00,R
1478198377.176240,0370,8,00,20,00,00,00,00,00,00,R
1478198377.176482,0440,8,ff,00,00,00,ff,cc,08,00,R
1478198377.178834,0316,8,05,21,6c,09,21,21,00,6f,R
1478198377.179048,018f,8,fe,5b,00,00,00,3c,00,00,R
1478198377.179276,0260,8,19,21,21,30,08,8e,6b,2c,R
1478198377.179505,02a0,8,44,00,9a,1d,97,02,bd,00,R
1478198377.179745,0329,8,dc,bb,7f,14,11,20,00,14,R
1478198377.179974,0545,8,d8,59,00,89,00,00,00,00,R
1478198377.180483,04f0,8,00,00,00,80,00,69,d1,13,R
1478198377.183303,0430,8,00,00,00,00,00,00,00,00,R
1478198377.183526,02c0,8,14,00,00,00,00,00,00,00,R
1478198377.183755,04b1,8,29,27,27,23,00,00,00,9a,R
1478198377.184005,01f1,8,08,00,00,00,00,00,00,00,R
1478198377.184238,0153,8,00,21,10,ff,00,ff,00,00,R
1478198377.184495,0002,8,00,00,00,00,00,01,0a,94,R
1478198377.184899,0350,8,05,20,04,68,77,00,00,3e,R
1478198377.185137,0000,8,00,00,00,00,00,00,00,00,T
1478198377.185385,0130,8,18,80,00,ff,1b,80,0a,e4,R
1478198377.185629,0000,8,00,00,00,00,00,00,00,00,T
1478198377.185880,0131,8,00,80,00,00,4c,7f,0a,9a,R
1478198377.186119,0000,8,00,00,00,00,00,00,00,00,T
1478198377.186365,0140,8,00,00,00,00,08,25,2a,47,R
1478198377.186612,0000,8,00,00,00,00,00,00,00,00,T
1478198377.186869,0370,8,00,20,00,00,00,00,00,00,R
1478198377.187116,0000,8,00,00,00,00,00,00,00,00,T
1478198377.187364,043f,8,00,40,60,ff,7e,cb,08,00,R
1478198377.187610,0000,8,00,00,00,00,00,00,00,00,T
1478198377.187866,0440,8,ff,00,00,00,ff,cb,08,00,R
1478198377.188113,0000,8,00,00,00,00,00,00,00,00,T
1478198377.188437,0000,8,00,00,00,00,00,00,00,00,T
1478198377.188759,0000,8,00,00,00,00,00,00,00,00,T
1478198377.189011,018f,8,fe,5b,00,00,00,3c,00,00,R
1478198377.189253,0000,8,00,00,00,00,00,00,00,00,T
1478198377.189491,0260,8,19,21,21,30,08,8e,6c,3c,R
1478198377.189737,0000,8,00,00,00,00,00,00,00,00,T
1478198377.189982,02a0,8,64,00,9a,1d,97,02,bd,00,R
1478198377.190224,0000,8,00,00,00,00,00,00,00,00,T
1478198377.190462,0316,8,05,21,6c,09,21,21,00,6f,R
1478198377.190708,0000,8,00,00,00,00,00,00,00,00,T
1478198377.190951,0329,8,dc,bb,7f,14,11,20,00,14,R
1478198377.191197,0000,8,00,00,00,00,00,00,00,00,T
1478198377.191443,0545,8,d8,00,00,8a,00,00,00,00,R
1478198377.191688,0000,8,00,00,00,00,00,00,00,00,T
1478198377.192011,0000,8,00,00,00,00,00,00,00,00,T
1478198377.192334,0000,8,00,00,00,00,00,00,00,00,T
1478198377.192655,0000,8,00,00,00,00,00,00,00,00,T
1478198377.192978,0000,8,00,00,00,00,00,00,00,00,T
1478198377.193274,0002,8,00,00,00,00,00,01,0b,89,R
1478198377.193519,0000,8,00,00,00,00,00,00,00,00,T
1478198377.193765,0153,8,00,21,10,ff,00,ff,00,00,R
1478198377.194012,0000,8,00,00,00,00,00,00,00,00,T
1478198377.194268,02c0,8,14,00,00,00,00,00,00,00,R
1478198377.194514,0000,8,00,00,00,00,00,00,00,00,T
1478198377.194759,0130,8,1a,80,00,ff,37,80,0b,79,R
1478198377.195006,0000,8,00,00,00,00,00,00,00,00,T
1478198377.195253,0131,8,09,80,00,00,46,7f,0b,07,R
1478198377.195498,0000,8,00,00,00,00,00,00,00,00,T
1478198377.195749,0140,8,00,00,00,00,0a,20,2b,38,R
1478198377.195994,0000,8,00,00,00,00,00,00,00,00,T
1478198377.196241,0350,8,05,20,14,68,77,00,00,2e,R
1478198377.196487,0000,8,00,00,00,00,00,00,00,00,T
1478198377.196746,0370,8,00,20,00,00,00,00,00,00,R
1478198377.196990,0000,8,00,00,00,00,00,00,00,00,T
1478198377.197238,043f,8,00,40,60,ff,7e,cd,08,00,R
1478198377.197484,0000,8,00,00,00,00,00,00,00,00,T
1478198377.197734,0440,8,ff,00,00,00,ff,cd,08,00,R
1478198377.197980,0000,8,00,00,00,00,00,00,00,00,T
1478198377.198305,0000,8,00,00,00,00,00,00,00,00,T
1478198377.198629,0000,8,00,00,00,00,00,00,00,00,T
1478198377.198867,0316,8,05,21,6c,09,21,21,00,6f,R
1478198377.199112,0000,8,00,00,00,00,00,00,00,00,T
1478198377.199361,018f,8,fe,5b,00,00,00,3c,00,00,R
1478198377.199607,0000,8,00,00,00,00,00,00,00,00,T
1478198377.199850,0260,8,19,21,21,30,08,8e,6c,09,R
1478198377.200095,0000,8,00,00,00,00,00,00,00,00,T
1478198377.200344,02a0,8,04,00,9a,1d,97,02,bd,00,R
1478198377.200587,0000,8,00,00,00,00,00,00,00,00,T
1478198377.202399,0000,8,00,00,00,00,00,00,00,00,T
1478198377.207766,0350,8,05,20,24,68,77,00,00,1e,R
1478198377.208011,0000,8,00,00,00,00,00,00,00,00,T
1478198377.208270,0370,8,00,20,00,00,00,00,00,00,R
1478198377.208519,0000,8,00,00,00,00,00,00,00,00,T
1478198377.208766,043f,8,00,40,60,ff,7e,cf,08,00,R
1478198377.209012,0000,8,00,00,00,00,00,00,00,00,T
1478198377.209261,018f,8,fe,5b,00,00,00,3c,00,00,R
1478198377.209507,0000,8,00,00,00,00,00,00,00,00,T
1478198377.209745,0260,8,19,21,21,30,08,8e,6c,1a,R
1478198377.209992,0000,8,00,00,00,00,00,00,00,00,T
1478198377.210233,02a0,8,24,00,9a,1d,97,02,bd,00,R
1478198377.210488,0000,8,00,00,00,00,00,00,00,00,T
1478198377.210720,0316,8,05,21,6c,09,21,21,00,6f,R
1478198377.210971,0000,8,00,00,00,00,00,00,00,00,T
1478198377.211207,0329,8,dc,bb,7f,14,11,20,00,14,R
1478198377.211454,0000,8,00,00,00,00,00,00,00,00,T
1478198377.211700,0440,8,ff,00,00,00,ff,cf,08,00,R
1478198377.211947,0000,8,00,00,00,00,00,00,00,00,T
1478198377.212200,0545,8,d8,00,00,88,00,00,00,00,R
1478198377.212444,0000,8,00,00,00,00,00,00,00,00,T
1478198377.212592,05f0,2,01,00,R
1478198377.212838,0000,8,00,00,00,00,00,00,00,00,T
1478198377.213173,0000,8,00,00,00,00,00,00,00,00,T
1478198377.213427,0002,8,00,00,00,00,00,01,0d,c7,R
1478198377.213668,0000,8,00,00,00,00,00,00,00,00,T
1478198377.213914,0153,8,00,21,10,ff,00,ff,00,00,R
1478198377.214160,0000,8,00,00,00,00,00,00,00,00,T
1478198377.214408,0130,8,1f,80,00,ff,1b,80,0d,39,R
1478198377.214654,0000,8,00,00,00,00,00,00,00,00,T
1478198377.218861,0316,8,05,21,6c,09,21,21,00,6f,R
1478198377.219106,0000,8,00,00,00,00,00,00,00,00,T
1478198377.219356,018f,8,fe,5b,00,00,00,3c,00,00,R
1478198377.219605,0000,8,00,00,00,00,00,00,00,00,T
1478198377.219842,0260,8,19,21,21,30,08,8e,6c,2b,R
1478198377.220088,0000,8,00,00,00,00,00,00,00,00,T
1478198377.220327,02a0,8,44,00,9a,1d,97,02,bd,00,R
1478198377.220570,0000,8,00,00,00,00,00,00,00,00,T
1478198377.220850,0329,8,dc,bb,7f,14,11,20,00,14,R
1478198377.221057,0000,8,00,00,00,00,00,00,00,00,T
1478198377.221309,0440,8,ff,00,00,00,ff,d0,08,00,R
1478198377.221555,0000,8,00,00,00,00,00,00,00,00,T
1478198377.221805,04f0,8,00,00,00,80,00,69,d1,13,R
1478198377.222051,0000,8,00,00,00,00,00,00,00,00,T
1478198377.222303,0545,8,d8,00,00,89,00,00,00,00,R
1478198377.222545,0000,8,00,00,00,00,00,00,00,00,T
1478198377.222878,0000,8,00,00,00,00,00,00,00,00,T
1478198377.227439,0140,8,00,00,00,00,10,27,2e,bf,R
1478198377.227686,0000,8,00,00,00,00,00,00,00,00,T
1478198377.227931,0350,8,05,20,44,68,77,00,00,7e,R
1478198377.228176,0000,8,00,00,00,00,00,00,00,00,T
1478198377.228436,0370,8,00,20,00,00,00,00,00,00,R
1478198377.228680,0000,8,00,00,00,00,00,00,00,00,T
1478198377.234001,0153,8,00,21,10,ff,00,ff,00,00,R
1478198377.234247,0000,8,00,00,00,00,00,00,00,00,T
1478198377.234499,0130,8,1a,80,00,ff,fa,7f,0f,69,R
1478198377.234745,0000,8,00,00,00,00,00,00,00,00,T
1478198377.234986,0131,8,ee,7f,00,00,3d,7f,0f,2c,R
1478198377.235233,0000,8,00,00,00,00,00,00,00,00,T
1478198377.235483,0140,8,00,00,00,00,12,25,2f,39,R
1478198377.235730,0000,8,00,00,00,00,00,00,00,00,T
1478198377.235989,02c0,8,14,00,00,00,00,00,00,00,R
1478198377.236230,0000,8,00,00,00,00,00,00,00,00,T
1478198377.236475,0350,8,05,20,54,68,77,00,00,6e,R
1478198377.236719,0000,8,00,00,00,00,00,00,00,00,T
1478198377.236982,0370,8,00,20,00,00,00,00,00,00,R
1478198377.237227,0000,8,00,00,00,00,00,00,00,00,T
1478198377.237481,043f,8,00,40,60,ff,7e,cc,08,00,R
1478198377.237723,0000,8,00,00,00,00,00,00,00,00,T
1478198377.237978,0440,8,ff,00,00,00,ff,cc,08,00,R
1478198377.238225,0000,8,00,00,00,00,00,00,00,00,T
1478198377.238548,0000,8,00,00,00,00,00,00,00,00,T
1478198377.238832,0316,8,05,22,60,09,22,21,00,6f,R
1478198377.239076,0000,8,00,00,00,00,00,00,00,00,T
1478198377.239326,018f,8,fe,5b,00,00,00,3c,00,00,R
1478198377.239569,0000,8,00,00,00,00,00,00,00,00,T
1478198377.239811,0260,8,19,22,22,30,08,8e,6e,05,R
1478198377.240057,0000,8,00,00,00,00,00,00,00,00,T
1478198377.240302,02a0,8,04,00,9a,1d,97,02,bd,00,R
1478198377.240547,0000,8,00,00,00,00,00,00,00,00,T
1478198377.240831,0329,8,0c,bb,7f,14,11,20,00,14,R
1478198377.241037,0000,8,00,00,00,00,00,00,00,00,T
1478198377.241290,04f0,8,00,00,00,80,00,69,d1,13,R
1478198377.241530,0000,8,00,00,00,00,00,00,00,00,T
1478198377.241780,0545,8,d8,00,00,8a,00,00,00,00,R
1478198377.242026,0000,8,00,00,00,00,00,00,00,00,T
1478198377.242279,0690,8,00,00,01,00,a0,22,00,00,R
1478198377.242528,0000,8,00,00,00,00,00,00,00,00,T
1478198377.242864,0000,8,00,00,00,00,00,00,00,00,T
1478198377.243202,0000,8,00,00,00,00,00,00,00,00,T
1478198377.243454,02c0,8,14,00,00,00,00,00,00,00,R
1478198377.243699,0000,8,00,00,00,00,00,00,00,00,T
1478198377.243962,0430,8,00,00,00,00,00,00,00,00,R
1478198377.244208,0000,8,00,00,00,00,00,00,00,00,T
1478198377.244448,04b1,8,29,27,27,23,00,00,00,9a,R
1478198377.244693,0000,8,00,00,00,00,00,00,00,00,T
1478198377.248172,0000,8,00,00,00,00,00,00,00,00,T
1478198377.248427,0370,8,00,20,00,00,00,00,00,00,R
1478198377.248669,0000,8,00,00,00,00,00,00,00,00,T
1478198377.248909,0316,8,05,22,60,09,22,21,00,6f,R
1478198377.249153,0000,8,00,00,00,00,00,00,00,00,T
1478198377.249409,018f,8,fe,5b,00,00,00,3c,00,00,R
1478198377.249655,0000,8,00,00,00,00,00,00,00,00,T
1478198377.249891,0260,8,19,22,22,30,08,8e,6e,16,R
1478198377.250134,0000,8,00,00,00,00,00,00,00,00,T
1478198377.250388,02a0,8,24,00,9a,1d,97,02,bd,00,R
1478198377.250630,0000,8,00,00,00,00,00,00,00,00,T
1478198377.250894,0329,8,0c,bb,7f,14,11,20,00,14,R
1478198377.251117,0000,8,00,00,00,00,00,00,00,00,T
1478198377.251366,043f,8,00,40,60,ff,7e,cc,08,00,R
1478198377.251609,0000,8,00,00,00,00,00,00,00,00,T
1478198377.251863,0440,8,ff,00,00,00,ff,cc,08,00,R
1478198377.252108,0000,8,00,00,00,00,00,00,00,00,T
1478198377.252358,0545,8,d8,00,00,8a,00,00,00,00,R
1478198377.252606,0000,8,00,00,00,00,00,00,00,00,T
1478198377.252941,0000,8,00,00,00,00,00,00,00,00,T
1478198377.253284,0002,8,00,00,00,00,00,01,01,5b,R
1478198377.253528,0000,8,00,00,00,00,00,00,00,00,T
1478198377.253774,0153,8,00,21,10,ff,00,ff,00,00,R
1478198377.254019,0000,8,00,00,00,00,00,00,00,00,T
1478198377.254275,02c0,8,14,00,00,00,00,00,00,00,R
1478198377.254522,0000,8,00,00,00,00,00,00,00,00,T
1478198377.254776,0130,8,11,80,00,ff,08,80,01,30,R
1478198377.255021,0000,8,00,00,00,00,00,00,00,00,T
1478198377.255267,0131,8,f2,7f,00,00,52,7f,01,5e,R
1478198377.255511,0000,8,00,00,00,00,00,00,00,00,T
1478198377.255761,0140,8,00,00,00,00,16,00,21,8d,R
1478198377.256007,0000,8,00,00,00,00,00,00,00,00,T
1478198377.256250,0350,8,05,20,74,68,77,00,00,4e,R
1478198377.256493,0000,8,00,00,00,00,00,00,00,00,T
1478198377.256758,0370,8,00,20,00,00,00,00,00,00,R
1478198377.256998,0000,8,00,00,00,00,00,00,00,00,T
1478198377.257250,043f,8,00,40,60,ff,7e,ce,08,00,R
1478198377.257494,0000,8,00,00,00,00,00,00,00,00,T
1478198377.257749,0440,8,ff,00,00,00,ff,ce,08,00,R
1478198377.257994,0000,8,00,00,00,00,00,00,00,00,T
1478198377.258319,0000,8,00,00,00,00,00,00,00,00,T
1478198377.258644,0000,8,00,00,00,00,00,00,00,00,T
1478198377.263136,0000,8,00,00,00,00,00,00,00,00,T
1478198377.268357,0370,8,00,20,00,00,00,00,00,00,R
1478198377.273680,0000,8,00,00,00,00,00,00,00,00,T
1478198377.273923,0153,8,00,21,10,ff,00,ff,00,00,R
1478198377.274172,0000,8,00,00,00,00,00,00,00,00,T
1478198377.274424,0130,8,0e,80,00,ff,e5,7f,03,bb,R
1478198377.274665,0000,8,00,00,00,00,00,00,00,00,T
1478198377.274913,0131,8,05,80,00,00,3a,7f,03,16,R
1478198377.275156,0000,8,00,00,00,00,00,00,00,00,T
1478198377.275413,0140,8,00,00,00,00,04,00,23,ac,R
1478198377.275657,0000,8,00,00,00,00,00,00,00,00,T
1478198377.275915,02c0,8,14,00,00,00,00,00,00,00,R
1478198377.276159,0000,8,00,00,00,00,00,00,00,00,T
1478198377.276410,0350,8,05,20,94,68,77,00,00,ae,R
1478198377.276652,0000,8,00,00,00,00,00,00,00,00,T
1478198377.276911,0370,8,00,20,00,00,00,00,00,00,R
1478198377.277157,0000,8,00,00,00,00,00,00,00,00,T
1478198377.277405,043f,8,00,40,60,ff,7e,cb,08,00,R
1478198377.277650,0000,8,00,00,00,00,00,00,00,00,T
1478198377.277908,0440,8,ff,00,00,00,ff,cb,08,00,R
1478198377.278154,0000,8,00,00,00,00,00,00,00,00,T
1478198377.278484,0000,8,00,00,00,00,00,00,00,00,T
1478198377.278739,0316,8,05,22,6c,09,22,21,00,6f,R
1478198377.278983,0000,8,00,00,00,00,00,00,00,00,T
1478198377.279233,018f,8,fe,5b,00,00,00,3c,00,00,R
1478198377.283492,0430,8,00,00,00,00,00,00,00,00,R
1478198377.283739,0000,8,00,00,00,00,00,00,00,00,T
1478198377.283997,02c0,8,14,00,00,00,00,00,00,00,R
1478198377.284241,0000,8,00,00,00,00,00,00,00,00,T
1478198377.284480,04b1,8,29,27,27,23,00,00,00,9a,R
1478198377.284726,0000,8,00,00,00,00,00,00,00,00,T
1478198377.284983,01f1,8,08,00,00,00,00,00,00,00,R
1478198377.285230,0000,8,00,00,00,00,00,00,00,00,T
1478198377.285475,0153,8,00,21,10,ff,00,ff,00,00,R
1478198377.285723,0000,8,00,00,00,00,00,00,00,00,T
1478198377.285976,0002,8,00,00,00,00,00,03,04,aa,R
1478198377.286219,0000,8,00,00,00,00,00,00,00,00,T
1478198377.286470,0130,8,11,80,00,ff,14,80,04,4b,R
1478198377.286715,0000,8,00,00,00,00,00,00,00,00,T
1478198377.286964,0131,8,0e,80,00,00,39,7f,04,fc,R
1478198377.287210,0000,8,00,00,00,00,00,00,00,00,T
1478198377.287458,0140,8,00,00,00,00,02,13,24,9a,R
1478198377.287703,0000,8,00,00,00,00,00,00,00,00,T
1478198377.287945,0350,8,05,20,a4,68,77,00,00,9e,R
1478198377.288189,0000,8,00,00,00,00,00,00,00,00,T
1478198377.292954,0000,8,00,00,00,00,00,00,00,00,T
1478198377.298659,0000,8,00,00,00,00,00,00,00,00,T
1478198377.304061,0000,8,00,00,00,00,00,00,00,00,T
1478198377.309496,0000,8,00,00,00,00,00,00,00,00,T
1478198377.309734,0260,8,19,21,21,30,08,8e,6c,3c,R
1478198377.309982,0000,8,00,00,00,00,00,00,00,00,T
1478198377.310221,02a0,8,64,00,9a,1d,97,02,bd,00,R
1478198377.310468,0000,8,00,00,00,00,00,00,00,00,T
1478198377.310709,0329,8,0c,bb,7f,14,11,20,00,14,R
1478198377.310961,0000,8,00,00,00,00,00,00,00,00,T
1478198377.311211,043f,8,00,40,60,ff,7e,ce,08,00,R
1478198377.311458,0000,8,00,00,00,00,00,00,00,00,T
1478198377.311708,0440,8,ff,00,00,00,ff,ce,08,00,R
1478198377.316888,02c0,8,14,00,00,00,00,00,00,00,R
1478198377.322325,0545,8,d8,00,00,89,00,00,00,00,R
1478198377.327916,0000,8,00,00,00,00,00,00,00,00,T
1478198377.333503,0000,8,00,00,00,00,00,00,00,00,T
1478198377.338859,018f,8,fe,5b,00,00,00,3c,00,00,R
1478198377.344266,04b1,8,29,27,27,23,00,00,00,9a,R
1478198377.344514,0000,8,00,00,00,00,00,00,00,00,T
1478198377.344771,01f1,8,08,00,00,00,00,00,00,00,R
1478198377.345015,0000,8,00,00,00,00,00,00,00,00,T
1478198377.345264,0153,8,00,21,10,ff,00,ff,00,00,R
1478198377.345507,0000,8,00,00,00,00,00,00,00,00,T
1478198377.345769,0002,8,00,00,00,00,00,03,0a,0c,R
1478198377.346010,0000,8,00,00,00,00,00,00,00,00,T
1478198377.346261,0350,8,05,20,04,68,77,00,00,3e,R
1478198377.346504,0000,8,00,00,00,00,00,00,00,00,T
1478198377.346754,0130,8,11,80,00,ff,21,80,0a,4c,R
1478198377.346997,0000,8,00,00,00,00,00,00,00,00,T
1478198377.347240,0131,8,25,80,00,00,4f,7f,0a,4d,R
1478198377.347487,0000,8,00,00,00,00,00,00,00,00,T
1478198377.347733,0140,8,00,00,00,00,0e,22,2a,bb,R
1478198377.347982,0000,8,00,00,00,00,00,00,00,00,T
1478198377.348238,0370,8,00,20,00,00,00,00,00,00,R
1478198377.348483,0000,8,00,00,00,00,00,00,00,00,T
1478198377.348721,0316,8,05,21,68,09,21,21,00,6f,R
1478198377.348966,0000,8,00,00,00,00,00,00,00,00,T
1478198377.349215,018f,8,fe,5b,00,00,00,3c,00,00,R
1478198377.349461,0000,8,00,00,00,00,00,00,00,00,T
1478198377.349701,0260,8,19,21,22,30,08,8e,6c,3b,R
1478198377.349944,0000,8,00,00,00,00,00,00,00,00,T
1478198377.350182,02a0,8,64,00,9a,1d,97,02,bd,00,R
1478198377.350427,0000,8,00,00,00,00,00,00,00,00,T
1478198377.350676,0329,8,40,bb,7f,14,11,20,00,14,R
1478198377.350922,0000,8,00,00,00,00,00,00,00,00,T
1478198377.351170,043f,8,00,40,60,ff,7e,cb,08,00,R
1478198377.351414,0000,8,00,00,00,00,00,00,00,00,T
1478198377.351672,0440,8,ff,00,00,00,ff,cb,08,00,R
1478198377.351919,0000,8,00,00,00,00,00,00,00,00,T
1478198377.352173,0545,8,d8,00,00,89,00,00,00,00,R
1478198377.352415,0000,8,00,00,00,00,00,00,00,00,T
1478198377.352675,0690,8,00,00,01,00,a0,22,00,00,R
1478198377.352919,0000,8,00,00,00,00,00,00,00,00,T
1478198377.353240,0002,8,00,00,00,00,00,03,0b,11,R
1478198377.353475,0000,8,00,00,00,00,00,00,00,00,T
1478198377.353723,0153,8,00,21,10,ff,00,ff,00,00,R
1478198377.353966,0000,8,00,00,00,00,00,00,00,00,T
1478198377.354227,02c0,8,14,00,00,00,00,00,00,00,R
1478198377.354471,0000,8,00,00,00,00,00,00,00,00,T
1478198377.354722,0130,8,16,80,00,ff,20,80,0b,50,R
1478198377.354968,0000,8,00,00,00,00,00,00,00,00,T
1478198377.355211,0131,8,1b,80,00,00,4f,7f,0b,87,R
1478198377.355456,0000,8,00,00,00,00,00,00,00,00,T
1478198377.355710,0140,8,00,00,00,00,10,28,2b,75,R
1478198377.355956,0000,8,00,00,00,00,00,00,00,00,T
1478198377.356198,0350,8,05,20,14,68,77,00,00,2e,R
1478198377.356448,0000,8,00,00,00,00,00,00,00,00,T
1478198377.356702,0370,8,00,20,00,00,00,00,00,00,R
1478198377.356948,0000,8,00,00,00,00,00,00,00,00,T
1478198377.357197,043f,8,00,40,60,ff,7e,cc,08,00,R
1478198377.357448,0000,8,00,00,00,00,00,00,00,00,T
1478198377.357703,0440,8,ff,00,00,00,ff,cc,08,00,R
1478198377.357944,0000,8,00,00,00,00,00,00,00,00,T
1478198377.358268,0000,8,00,00,00,00,00,00,00,00,T
1478198377.358593,0000,8,00,00,00,00,00,00,00,00,T
1478198377.358841,018f,8,fe,5b,00,00,00,3c,00,00,R
1478198377.359086,0000,8,00,00,00,00,00,00,00,00,T
